spot_id,sample_id,x,y,gene,expr
SP00001,S01,331,154,TP53,2.65
SP00002,S01,96,374,TP53,3.27
SP00003,S01,59,219,TP53,4.45
SP00004,S01,71,246,TP53,3.35
SP00005,S01,92,434,TP53,4.68
SP00006,S01,228,63,TP53,3.66
SP00007,S01,406,50,TP53,3.43
SP00008,S01,136,296,TP53,2.94
SP00009,S01,429,147,TP53,1.24
SP00010,S01,185,105,TP53,2.54
SP00011,S01,192,381,TP53,4.81
SP00012,S01,61,210,TP53,4.27
SP00013,S01,508,437,TP53,3.27
SP00014,S01,464,370,TP53,1.46
SP00015,S01,306,254,TP53,3.6
SP00016,S01,249,83,TP53,0.91
SP00017,S01,307,506,TP53,4.6
SP00018,S01,294,74,TP53,1.4
SP00019,S01,120,428,TP53,3.65
SP00020,S01,500,431,TP53,4.1
SP00021,S01,40,79,TP53,3.17
SP00022,S01,321,348,TP53,1.18
SP00023,S01,358,508,TP53,1.65
SP00024,S01,95,276,TP53,2.26
SP00025,S01,485,66,TP53,5.02
SP00026,S01,456,291,TP53,3.81
SP00027,S01,395,355,TP53,4.54
SP00028,S01,172,119,TP53,3.22
SP00029,S01,505,60,TP53,3.23
SP00030,S01,253,407,TP53,4.13
SP00031,S01,400,508,TP53,4.34
SP00032,S01,284,140,TP53,3.74
SP00033,S01,440,285,TP53,1.89
SP00034,S01,389,236,TP53,0.0
SP00035,S01,154,84,TP53,3.45
SP00036,S01,238,12,TP53,3.91
SP00037,S01,496,186,TP53,2.99
SP00038,S01,429,378,TP53,3.13
SP00039,S01,326,128,TP53,2.38
SP00040,S01,55,467,TP53,1.43
SP00041,S01,401,407,TP53,2.47
SP00042,S01,410,63,TP53,3.39
SP00043,S01,195,68,TP53,4.5
SP00044,S01,112,348,TP53,2.85
SP00045,S01,53,104,TP53,3.8
SP00046,S01,103,372,TP53,3.0
SP00047,S01,26,72,TP53,4.36
SP00048,S01,152,258,TP53,1.63
SP00049,S01,355,372,TP53,2.32
SP00050,S01,499,477,TP53,3.11
SP00051,S01,491,495,EGFR,2.7
SP00052,S01,350,271,EGFR,3.72
SP00053,S01,490,165,EGFR,2.06
SP00054,S01,370,150,EGFR,2.9
SP00055,S01,27,305,EGFR,5.77
SP00056,S01,267,375,EGFR,2.62
SP00057,S01,171,364,EGFR,3.24
SP00058,S01,337,228,EGFR,1.29
SP00059,S01,199,245,EGFR,3.96
SP00060,S01,232,204,EGFR,0.91
SP00061,S01,504,364,EGFR,2.5
SP00062,S01,286,483,EGFR,0.0
SP00063,S01,265,198,EGFR,1.76
SP00064,S01,457,357,EGFR,0.0
SP00065,S01,373,82,EGFR,3.19
SP00066,S01,201,345,EGFR,3.99
SP00067,S01,209,494,EGFR,0.86
SP00068,S01,1,490,EGFR,0.89
SP00069,S01,352,86,EGFR,3.36
SP00070,S01,397,204,EGFR,2.39
SP00071,S01,489,182,EGFR,1.18
SP00072,S01,88,405,EGFR,3.8
SP00073,S01,474,411,EGFR,2.98
SP00074,S01,162,174,EGFR,2.41
SP00075,S01,130,28,EGFR,4.77
SP00076,S01,149,485,EGFR,5.47
SP00077,S01,358,159,EGFR,2.29
SP00078,S01,14,105,EGFR,2.78
SP00079,S01,142,444,EGFR,3.92
SP00080,S01,216,28,EGFR,2.92
SP00081,S01,257,217,EGFR,2.72
SP00082,S01,333,265,EGFR,4.0
SP00083,S01,429,134,EGFR,5.13
SP00084,S01,469,430,EGFR,3.86
SP00085,S01,133,155,EGFR,2.73
SP00086,S01,450,187,EGFR,2.96
SP00087,S01,4,153,EGFR,3.74
SP00088,S01,123,63,EGFR,4.4
SP00089,S01,333,494,EGFR,3.14
SP00090,S01,58,254,EGFR,2.35
SP00091,S01,195,283,EGFR,3.61
SP00092,S01,463,28,EGFR,3.17
SP00093,S01,64,453,EGFR,1.28
SP00094,S01,204,283,EGFR,6.35
SP00095,S01,463,489,EGFR,1.95
SP00096,S01,265,207,EGFR,2.95
SP00097,S01,458,140,EGFR,1.79
SP00098,S01,323,74,EGFR,3.7
SP00099,S01,246,438,EGFR,4.87
SP00100,S01,125,158,EGFR,3.92
SP00101,S01,374,146,BRCA1,2.99
SP00102,S01,478,224,BRCA1,3.76
SP00103,S01,96,407,BRCA1,3.63
SP00104,S01,229,165,BRCA1,2.45
SP00105,S01,441,413,BRCA1,2.51
SP00106,S01,326,94,BRCA1,3.78
SP00107,S01,374,19,BRCA1,2.19
SP00108,S01,18,393,BRCA1,4.32
SP00109,S01,339,302,BRCA1,2.49
SP00110,S01,234,107,BRCA1,2.96
SP00111,S01,86,271,BRCA1,2.58
SP00112,S01,185,276,BRCA1,6.01
SP00113,S01,132,432,BRCA1,4.23
SP00114,S01,264,415,BRCA1,1.3
SP00115,S01,152,506,BRCA1,2.81
SP00116,S01,58,187,BRCA1,2.42
SP00117,S01,435,74,BRCA1,2.97
SP00118,S01,90,266,BRCA1,3.26
SP00119,S01,85,227,BRCA1,5.55
SP00120,S01,464,11,BRCA1,4.13
SP00121,S01,347,427,BRCA1,3.99
SP00122,S01,132,44,BRCA1,2.51
SP00123,S01,244,112,BRCA1,4.07
SP00124,S01,185,206,BRCA1,2.79
SP00125,S01,319,312,BRCA1,2.07
SP00126,S01,456,512,BRCA1,2.82
SP00127,S01,182,277,BRCA1,2.85
SP00128,S01,256,37,BRCA1,3.22
SP00129,S01,15,18,BRCA1,2.81
SP00130,S01,194,486,BRCA1,1.24
SP00131,S01,251,457,BRCA1,5.03
SP00132,S01,442,506,BRCA1,4.6
SP00133,S01,402,315,BRCA1,1.48
SP00134,S01,350,203,BRCA1,0.0
SP00135,S01,143,414,BRCA1,6.96
SP00136,S01,132,14,BRCA1,2.74
SP00137,S01,72,261,BRCA1,2.57
SP00138,S01,390,288,BRCA1,3.2
SP00139,S01,248,300,BRCA1,3.86
SP00140,S01,275,456,BRCA1,3.25
SP00141,S01,3,269,BRCA1,2.18
SP00142,S01,331,250,BRCA1,3.94
SP00143,S01,35,316,BRCA1,3.18
SP00144,S01,343,390,BRCA1,3.87
SP00145,S01,85,486,BRCA1,2.63
SP00146,S01,254,5,BRCA1,5.01
SP00147,S01,93,270,BRCA1,3.32
SP00148,S01,42,403,BRCA1,2.29
SP00149,S01,23,306,BRCA1,2.66
SP00150,S01,158,398,BRCA1,3.96
SP00151,S01,333,506,MYC,4.33
SP00152,S01,148,44,MYC,4.81
SP00153,S01,439,142,MYC,4.98
SP00154,S01,16,235,MYC,1.74
SP00155,S01,87,31,MYC,4.92
SP00156,S01,107,385,MYC,3.52
SP00157,S01,462,51,MYC,1.64
SP00158,S01,250,501,MYC,1.59
SP00159,S01,270,3,MYC,2.49
SP00160,S01,94,67,MYC,3.14
SP00161,S01,485,258,MYC,3.98
SP00162,S01,240,210,MYC,0.48
SP00163,S01,236,471,MYC,1.63
SP00164,S01,490,294,MYC,3.05
SP00165,S01,47,203,MYC,3.7
SP00166,S01,260,311,MYC,3.37
SP00167,S01,136,12,MYC,1.4
SP00168,S01,101,222,MYC,3.18
SP00169,S01,501,297,MYC,2.71
SP00170,S01,477,477,MYC,1.89
SP00171,S01,121,204,MYC,2.78
SP00172,S01,484,17,MYC,3.55
SP00173,S01,296,469,MYC,4.48
SP00174,S01,460,275,MYC,3.77
SP00175,S01,396,214,MYC,5.8
SP00176,S01,76,92,MYC,1.38
SP00177,S01,145,268,MYC,3.71
SP00178,S01,286,115,MYC,2.78
SP00179,S01,373,236,MYC,0.14
SP00180,S01,403,25,MYC,3.04
SP00181,S01,162,3,MYC,5.01
SP00182,S01,415,309,MYC,2.34
SP00183,S01,144,426,MYC,2.32
SP00184,S01,339,1,MYC,4.01
SP00185,S01,332,346,MYC,3.38
SP00186,S01,200,12,MYC,2.4
SP00187,S01,296,259,MYC,2.03
SP00188,S01,78,369,MYC,4.01
SP00189,S01,438,281,MYC,3.69
SP00190,S01,52,292,MYC,2.1
SP00191,S01,152,255,MYC,4.47
SP00192,S01,323,194,MYC,2.73
SP00193,S01,382,438,MYC,4.91
SP00194,S01,409,208,MYC,1.3
SP00195,S01,82,50,MYC,4.32
SP00196,S01,141,293,MYC,2.42
SP00197,S01,497,50,MYC,4.51
SP00198,S01,174,483,MYC,2.07
SP00199,S01,424,351,MYC,2.79
SP00200,S01,266,415,MYC,4.05
SP00201,S02,244,308,TP53,0.93
SP00202,S02,122,171,TP53,3.22
SP00203,S02,165,76,TP53,3.8
SP00204,S02,509,225,TP53,5.94
SP00205,S02,463,340,TP53,4.53
SP00206,S02,142,197,TP53,2.97
SP00207,S02,249,92,TP53,3.81
SP00208,S02,326,244,TP53,4.59
SP00209,S02,377,264,TP53,3.34
SP00210,S02,20,422,TP53,2.12
SP00211,S02,392,423,TP53,2.97
SP00212,S02,276,346,TP53,2.04
SP00213,S02,63,510,TP53,2.37
SP00214,S02,128,221,TP53,6.61
SP00215,S02,94,277,TP53,4.1
SP00216,S02,456,442,TP53,2.17
SP00217,S02,319,22,TP53,4.03
SP00218,S02,484,501,TP53,4.06
SP00219,S02,0,74,TP53,0.51
SP00220,S02,479,459,TP53,5.02
SP00221,S02,254,111,TP53,3.13
SP00222,S02,111,468,TP53,3.79
SP00223,S02,87,40,TP53,3.73
SP00224,S02,38,311,TP53,3.01
SP00225,S02,131,257,TP53,1.52
SP00226,S02,114,101,TP53,2.73
SP00227,S02,72,307,TP53,1.17
SP00228,S02,397,267,TP53,2.72
SP00229,S02,228,1,TP53,4.18
SP00230,S02,471,285,TP53,3.08
SP00231,S02,323,248,TP53,1.99
SP00232,S02,252,29,TP53,3.16
SP00233,S02,421,314,TP53,3.86
SP00234,S02,430,83,TP53,3.31
SP00235,S02,263,233,TP53,1.42
SP00236,S02,232,504,TP53,0.23
SP00237,S02,34,346,TP53,2.74
SP00238,S02,405,202,TP53,1.7
SP00239,S02,6,299,TP53,2.89
SP00240,S02,210,507,TP53,1.34
SP00241,S02,205,319,TP53,3.09
SP00242,S02,476,226,TP53,2.09
SP00243,S02,271,302,TP53,4.52
SP00244,S02,191,228,TP53,4.24
SP00245,S02,496,427,TP53,3.4
SP00246,S02,149,402,TP53,2.75
SP00247,S02,55,218,TP53,4.86
SP00248,S02,425,53,TP53,3.28
SP00249,S02,61,188,TP53,0.65
SP00250,S02,321,115,TP53,4.86
SP00251,S02,81,169,EGFR,2.57
SP00252,S02,478,32,EGFR,3.79
SP00253,S02,319,387,EGFR,5.15
SP00254,S02,453,173,EGFR,0.0
SP00255,S02,111,2,EGFR,3.51
SP00256,S02,430,126,EGFR,3.27
SP00257,S02,212,389,EGFR,1.39
SP00258,S02,442,89,EGFR,5.04
SP00259,S02,50,484,EGFR,3.58
SP00260,S02,457,197,EGFR,4.65
SP00261,S02,331,372,EGFR,2.87
SP00262,S02,420,253,EGFR,1.42
SP00263,S02,414,41,EGFR,1.89
SP00264,S02,63,263,EGFR,4.1
SP00265,S02,199,64,EGFR,4.02
SP00266,S02,278,343,EGFR,2.24
SP00267,S02,44,268,EGFR,2.95
SP00268,S02,282,304,EGFR,0.86
SP00269,S02,3,66,EGFR,4.01
SP00270,S02,486,476,EGFR,3.16
SP00271,S02,395,257,EGFR,5.2
SP00272,S02,135,508,EGFR,1.67
SP00273,S02,187,8,EGFR,3.74
SP00274,S02,154,241,EGFR,0.83
SP00275,S02,335,327,EGFR,0.62
SP00276,S02,80,202,EGFR,3.6
SP00277,S02,401,163,EGFR,3.01
SP00278,S02,34,493,EGFR,3.51
SP00279,S02,333,164,EGFR,5.88
SP00280,S02,73,271,EGFR,2.64
SP00281,S02,86,213,EGFR,4.35
SP00282,S02,457,177,EGFR,3.94
SP00283,S02,239,136,EGFR,1.31
SP00284,S02,240,124,EGFR,3.97
SP00285,S02,300,300,EGFR,2.8
SP00286,S02,260,266,EGFR,4.09
SP00287,S02,203,449,EGFR,3.02
SP00288,S02,157,288,EGFR,4.05
SP00289,S02,192,334,EGFR,3.98
SP00290,S02,251,236,EGFR,3.42
SP00291,S02,102,475,EGFR,3.65
SP00292,S02,486,236,EGFR,2.96
SP00293,S02,459,382,EGFR,4.13
SP00294,S02,122,51,EGFR,3.29
SP00295,S02,194,198,EGFR,4.22
SP00296,S02,182,459,EGFR,2.43
SP00297,S02,266,6,EGFR,4.48
SP00298,S02,358,222,EGFR,4.16
SP00299,S02,38,377,EGFR,2.77
SP00300,S02,261,39,EGFR,3.36
SP00301,S02,208,11,BRCA1,3.6
SP00302,S02,380,189,BRCA1,1.7
SP00303,S02,319,79,BRCA1,3.72
SP00304,S02,495,64,BRCA1,5.39
SP00305,S02,417,103,BRCA1,3.59
SP00306,S02,158,93,BRCA1,1.02
SP00307,S02,167,407,BRCA1,2.52
SP00308,S02,290,314,BRCA1,1.65
SP00309,S02,427,52,BRCA1,2.31
SP00310,S02,365,424,BRCA1,4.67
SP00311,S02,426,18,BRCA1,6.11
SP00312,S02,372,201,BRCA1,0.0
SP00313,S02,400,414,BRCA1,3.04
SP00314,S02,160,433,BRCA1,3.15
SP00315,S02,116,92,BRCA1,0.59
SP00316,S02,471,166,BRCA1,4.61
SP00317,S02,133,15,BRCA1,3.74
SP00318,S02,406,91,BRCA1,3.25
SP00319,S02,379,175,BRCA1,3.7
SP00320,S02,175,68,BRCA1,3.91
SP00321,S02,111,392,BRCA1,0.47
SP00322,S02,202,308,BRCA1,3.15
SP00323,S02,129,44,BRCA1,4.59
SP00324,S02,54,397,BRCA1,2.75
SP00325,S02,88,164,BRCA1,1.25
SP00326,S02,414,200,BRCA1,0.87
SP00327,S02,484,187,BRCA1,2.63
SP00328,S02,160,392,BRCA1,2.84
SP00329,S02,367,126,BRCA1,5.2
SP00330,S02,197,42,BRCA1,6.0
SP00331,S02,39,331,BRCA1,4.4
SP00332,S02,313,430,BRCA1,4.28
SP00333,S02,315,255,BRCA1,1.17
SP00334,S02,457,448,BRCA1,3.92
SP00335,S02,183,23,BRCA1,7.09
SP00336,S02,476,240,BRCA1,3.09
SP00337,S02,457,469,BRCA1,4.32
SP00338,S02,409,109,BRCA1,0.81
SP00339,S02,68,131,BRCA1,2.16
SP00340,S02,452,41,BRCA1,4.04
SP00341,S02,41,133,BRCA1,4.98
SP00342,S02,81,55,BRCA1,4.12
SP00343,S02,386,139,BRCA1,3.51
SP00344,S02,112,198,BRCA1,3.08
SP00345,S02,134,503,BRCA1,2.4
SP00346,S02,169,226,BRCA1,5.48
SP00347,S02,67,359,BRCA1,2.18
SP00348,S02,331,281,BRCA1,2.32
SP00349,S02,467,147,BRCA1,2.91
SP00350,S02,491,213,BRCA1,6.61
SP00351,S02,269,243,MYC,2.84
SP00352,S02,186,413,MYC,3.35
SP00353,S02,165,284,MYC,1.73
SP00354,S02,172,270,MYC,0.31
SP00355,S02,117,49,MYC,2.13
SP00356,S02,463,107,MYC,2.0
SP00357,S02,258,403,MYC,2.9
SP00358,S02,384,377,MYC,1.65
SP00359,S02,149,368,MYC,2.72
SP00360,S02,235,180,MYC,3.5
SP00361,S02,49,303,MYC,3.45
SP00362,S02,320,1,MYC,2.03
SP00363,S02,34,226,MYC,4.14
SP00364,S02,442,427,MYC,4.56
SP00365,S02,372,48,MYC,3.68
SP00366,S02,46,22,MYC,3.74
SP00367,S02,55,2,MYC,1.91
SP00368,S02,365,229,MYC,2.51
SP00369,S02,423,308,MYC,2.2
SP00370,S02,486,162,MYC,2.5
SP00371,S02,137,14,MYC,3.96
SP00372,S02,152,461,MYC,2.59
SP00373,S02,98,65,MYC,1.17
SP00374,S02,276,411,MYC,0.84
SP00375,S02,270,11,MYC,5.44
SP00376,S02,358,454,MYC,3.9
SP00377,S02,504,254,MYC,3.02
SP00378,S02,63,25,MYC,3.03
SP00379,S02,415,190,MYC,3.04
SP00380,S02,107,12,MYC,3.48
SP00381,S02,201,145,MYC,1.55
SP00382,S02,425,178,MYC,3.88
SP00383,S02,316,65,MYC,2.86
SP00384,S02,489,6,MYC,3.42
SP00385,S02,384,447,MYC,2.95
SP00386,S02,463,179,MYC,1.43
SP00387,S02,231,107,MYC,2.86
SP00388,S02,126,343,MYC,5.01
SP00389,S02,269,53,MYC,2.82
SP00390,S02,446,271,MYC,4.77
SP00391,S02,302,222,MYC,4.43
SP00392,S02,173,266,MYC,3.85
SP00393,S02,241,207,MYC,5.18
SP00394,S02,334,196,MYC,2.21
SP00395,S02,398,336,MYC,1.9
SP00396,S02,480,483,MYC,2.19
SP00397,S02,6,27,MYC,0.92
SP00398,S02,315,217,MYC,3.86
SP00399,S02,400,79,MYC,2.21
SP00400,S02,33,27,MYC,2.66
SP00401,S03,114,109,TP53,2.4
SP00402,S03,145,29,TP53,2.42
SP00403,S03,31,42,TP53,4.3
SP00404,S03,43,69,TP53,4.54
SP00405,S03,47,67,TP53,4.47
SP00406,S03,204,67,TP53,1.14
SP00407,S03,393,109,TP53,3.02
SP00408,S03,34,35,TP53,3.94
SP00409,S03,89,294,TP53,2.26
SP00410,S03,209,301,TP53,3.11
SP00411,S03,326,344,TP53,2.74
SP00412,S03,262,289,TP53,3.13
SP00413,S03,49,376,TP53,5.03
SP00414,S03,487,294,TP53,1.72
SP00415,S03,31,422,TP53,4.66
SP00416,S03,100,355,TP53,3.33
SP00417,S03,480,49,TP53,2.05
SP00418,S03,93,294,TP53,2.77
SP00419,S03,174,446,TP53,3.94
SP00420,S03,55,4,TP53,3.01
SP00421,S03,356,502,TP53,4.78
SP00422,S03,188,506,TP53,4.22
SP00423,S03,355,266,TP53,2.27
SP00424,S03,219,237,TP53,2.61
SP00425,S03,510,169,TP53,4.54
SP00426,S03,82,502,TP53,4.27
SP00427,S03,107,334,TP53,2.13
SP00428,S03,404,88,TP53,4.12
SP00429,S03,432,25,TP53,2.17
SP00430,S03,438,175,TP53,3.86
SP00431,S03,388,239,TP53,3.68
SP00432,S03,34,356,TP53,2.75
SP00433,S03,334,159,TP53,4.03
SP00434,S03,331,173,TP53,1.87
SP00435,S03,474,449,TP53,2.6
SP00436,S03,236,129,TP53,2.0
SP00437,S03,342,473,TP53,1.65
SP00438,S03,196,273,TP53,1.31
SP00439,S03,308,158,TP53,2.37
SP00440,S03,334,356,TP53,0.0
SP00441,S03,164,241,TP53,2.57
SP00442,S03,104,168,TP53,3.8
SP00443,S03,104,200,TP53,0.0
SP00444,S03,309,304,TP53,5.67
SP00445,S03,445,280,TP53,3.66
SP00446,S03,109,287,TP53,4.88
SP00447,S03,211,397,TP53,2.78
SP00448,S03,447,227,TP53,3.05
SP00449,S03,512,303,TP53,2.25
SP00450,S03,414,5,TP53,3.18
SP00451,S03,248,440,EGFR,2.44
SP00452,S03,431,234,EGFR,1.22
SP00453,S03,234,185,EGFR,2.03
SP00454,S03,320,266,EGFR,1.8
SP00455,S03,100,429,EGFR,3.07
SP00456,S03,160,256,EGFR,4.41
SP00457,S03,433,494,EGFR,1.13
SP00458,S03,419,187,EGFR,3.54
SP00459,S03,335,10,EGFR,1.76
SP00460,S03,108,39,EGFR,4.05
SP00461,S03,257,223,EGFR,4.3
SP00462,S03,204,356,EGFR,5.07
SP00463,S03,103,467,EGFR,0.85
SP00464,S03,16,378,EGFR,2.43
SP00465,S03,351,420,EGFR,2.92
SP00466,S03,188,401,EGFR,1.45
SP00467,S03,125,364,EGFR,2.31
SP00468,S03,391,409,EGFR,2.19
SP00469,S03,62,13,EGFR,5.77
SP00470,S03,360,271,EGFR,4.42
SP00471,S03,111,229,EGFR,2.53
SP00472,S03,224,401,EGFR,4.34
SP00473,S03,473,217,EGFR,4.65
SP00474,S03,70,197,EGFR,5.77
SP00475,S03,480,231,EGFR,3.31
SP00476,S03,423,479,EGFR,2.28
SP00477,S03,301,128,EGFR,3.29
SP00478,S03,235,273,EGFR,1.45
SP00479,S03,385,259,EGFR,5.1
SP00480,S03,493,2,EGFR,2.77
SP00481,S03,287,366,EGFR,3.04
SP00482,S03,491,496,EGFR,4.19
SP00483,S03,438,87,EGFR,2.28
SP00484,S03,310,394,EGFR,1.88
SP00485,S03,58,87,EGFR,4.43
SP00486,S03,143,353,EGFR,0.31
SP00487,S03,15,11,EGFR,3.14
SP00488,S03,300,256,EGFR,3.52
SP00489,S03,103,146,EGFR,3.55
SP00490,S03,462,354,EGFR,2.29
SP00491,S03,156,213,EGFR,5.04
SP00492,S03,171,92,EGFR,1.59
SP00493,S03,304,202,EGFR,2.03
SP00494,S03,80,449,EGFR,3.03
SP00495,S03,119,121,EGFR,2.91
SP00496,S03,142,484,EGFR,4.02
SP00497,S03,504,59,EGFR,0.0
SP00498,S03,503,252,EGFR,3.3
SP00499,S03,510,168,EGFR,0.29
SP00500,S03,6,164,EGFR,2.31
SP00501,S03,328,479,BRCA1,2.45
SP00502,S03,303,476,BRCA1,1.45
SP00503,S03,383,436,BRCA1,0.0
SP00504,S03,77,184,BRCA1,4.74
SP00505,S03,369,29,BRCA1,3.43
SP00506,S03,338,96,BRCA1,3.06
SP00507,S03,495,496,BRCA1,3.04
SP00508,S03,218,425,BRCA1,2.22
SP00509,S03,129,346,BRCA1,4.7
SP00510,S03,349,485,BRCA1,4.15
SP00511,S03,215,290,BRCA1,1.65
SP00512,S03,53,296,BRCA1,3.58
SP00513,S03,299,363,BRCA1,3.67
SP00514,S03,278,353,BRCA1,1.74
SP00515,S03,208,504,BRCA1,3.33
SP00516,S03,324,306,BRCA1,1.79
SP00517,S03,130,89,BRCA1,3.09
SP00518,S03,415,50,BRCA1,2.61
SP00519,S03,408,307,BRCA1,3.34
SP00520,S03,486,61,BRCA1,3.27
SP00521,S03,512,385,BRCA1,1.54
SP00522,S03,84,217,BRCA1,1.68
SP00523,S03,40,468,BRCA1,2.39
SP00524,S03,185,37,BRCA1,2.39
SP00525,S03,431,103,BRCA1,4.75
SP00526,S03,377,142,BRCA1,1.95
SP00527,S03,316,264,BRCA1,3.58
SP00528,S03,35,326,BRCA1,2.32
SP00529,S03,20,441,BRCA1,1.32
SP00530,S03,55,509,BRCA1,2.26
SP00531,S03,40,121,BRCA1,3.22
SP00532,S03,414,457,BRCA1,1.55
SP00533,S03,68,14,BRCA1,2.2
SP00534,S03,159,486,BRCA1,1.3
SP00535,S03,422,104,BRCA1,4.37
SP00536,S03,155,15,BRCA1,3.79
SP00537,S03,437,4,BRCA1,5.08
SP00538,S03,90,223,BRCA1,3.12
SP00539,S03,124,132,BRCA1,1.89
SP00540,S03,248,461,BRCA1,3.19
SP00541,S03,191,51,BRCA1,1.45
SP00542,S03,148,86,BRCA1,4.73
SP00543,S03,300,510,BRCA1,0.0
SP00544,S03,260,53,BRCA1,3.8
SP00545,S03,32,11,BRCA1,5.69
SP00546,S03,81,398,BRCA1,4.08
SP00547,S03,318,319,BRCA1,2.89
SP00548,S03,498,61,BRCA1,2.16
SP00549,S03,323,376,BRCA1,5.14
SP00550,S03,481,170,BRCA1,2.29
SP00551,S03,148,119,MYC,1.68
SP00552,S03,427,488,MYC,4.53
SP00553,S03,394,463,MYC,5.31
SP00554,S03,341,299,MYC,2.17
SP00555,S03,286,62,MYC,1.54
SP00556,S03,340,15,MYC,1.59
SP00557,S03,154,316,MYC,0.0
SP00558,S03,252,385,MYC,1.06
SP00559,S03,396,385,MYC,0.61
SP00560,S03,462,290,MYC,1.22
SP00561,S03,1,329,MYC,2.88
SP00562,S03,43,295,MYC,4.46
SP00563,S03,144,150,MYC,2.59
SP00564,S03,511,355,MYC,5.7
SP00565,S03,87,496,MYC,3.27
SP00566,S03,239,316,MYC,2.1
SP00567,S03,58,404,MYC,2.07
SP00568,S03,260,9,MYC,3.21
SP00569,S03,394,470,MYC,1.32
SP00570,S03,363,64,MYC,2.56
SP00571,S03,238,407,MYC,0.38
SP00572,S03,328,488,MYC,1.57
SP00573,S03,206,193,MYC,3.14
SP00574,S03,296,371,MYC,3.6
SP00575,S03,367,412,MYC,3.51
SP00576,S03,252,45,MYC,0.29
SP00577,S03,505,383,MYC,3.9
SP00578,S03,474,83,MYC,2.0
SP00579,S03,159,323,MYC,1.95
SP00580,S03,21,96,MYC,2.26
SP00581,S03,34,209,MYC,5.8
SP00582,S03,497,218,MYC,2.83
SP00583,S03,267,286,MYC,0.0
SP00584,S03,134,260,MYC,4.52
SP00585,S03,38,346,MYC,3.27
SP00586,S03,85,28,MYC,3.84
SP00587,S03,52,35,MYC,0.35
SP00588,S03,469,498,MYC,2.0
SP00589,S03,65,406,MYC,4.93
SP00590,S03,92,263,MYC,1.97
SP00591,S03,326,238,MYC,0.78
SP00592,S03,402,187,MYC,0.29
SP00593,S03,459,163,MYC,2.29
SP00594,S03,227,176,MYC,3.74
SP00595,S03,39,262,MYC,3.46
SP00596,S03,28,48,MYC,2.82
SP00597,S03,264,495,MYC,3.74
SP00598,S03,5,203,MYC,3.27
SP00599,S03,305,451,MYC,3.03
SP00600,S03,331,380,MYC,2.34
SP00601,S04,263,399,TP53,4.14
SP00602,S04,172,451,TP53,4.13
SP00603,S04,244,146,TP53,5.54
SP00604,S04,479,199,TP53,1.48
SP00605,S04,36,160,TP53,3.89
SP00606,S04,382,143,TP53,2.57
SP00607,S04,457,99,TP53,4.23
SP00608,S04,22,76,TP53,2.38
SP00609,S04,463,347,TP53,2.55
SP00610,S04,118,374,TP53,3.92
SP00611,S04,146,339,TP53,3.08
SP00612,S04,462,148,TP53,3.47
SP00613,S04,449,152,TP53,2.85
SP00614,S04,159,26,TP53,4.43
SP00615,S04,277,303,TP53,2.57
SP00616,S04,502,111,TP53,3.73
SP00617,S04,325,467,TP53,3.57
SP00618,S04,58,216,TP53,2.61
SP00619,S04,488,293,TP53,4.72
SP00620,S04,373,442,TP53,4.6
SP00621,S04,267,244,TP53,3.57
SP00622,S04,296,425,TP53,2.71
SP00623,S04,166,58,TP53,4.92
SP00624,S04,147,16,TP53,0.0
SP00625,S04,452,349,TP53,1.49
SP00626,S04,293,190,TP53,2.9
SP00627,S04,368,445,TP53,4.39
SP00628,S04,283,185,TP53,3.36
SP00629,S04,141,184,TP53,2.0
SP00630,S04,179,201,TP53,2.86
SP00631,S04,81,89,TP53,4.74
SP00632,S04,280,179,TP53,1.55
SP00633,S04,210,140,TP53,1.33
SP00634,S04,196,315,TP53,1.57
SP00635,S04,207,10,TP53,5.08
SP00636,S04,417,56,TP53,3.91
SP00637,S04,355,343,TP53,2.6
SP00638,S04,504,92,TP53,4.96
SP00639,S04,15,419,TP53,4.35
SP00640,S04,272,254,TP53,2.15
SP00641,S04,190,375,TP53,5.12
SP00642,S04,4,364,TP53,3.5
SP00643,S04,456,73,TP53,4.61
SP00644,S04,328,390,TP53,4.53
SP00645,S04,62,298,TP53,5.42
SP00646,S04,506,457,TP53,0.51
SP00647,S04,26,137,TP53,6.63
SP00648,S04,229,186,TP53,3.47
SP00649,S04,171,105,TP53,2.32
SP00650,S04,30,19,TP53,4.65
SP00651,S04,98,199,EGFR,2.81
SP00652,S04,475,244,EGFR,5.66
SP00653,S04,454,105,EGFR,2.63
SP00654,S04,183,46,EGFR,3.5
SP00655,S04,279,126,EGFR,1.19
SP00656,S04,286,112,EGFR,3.41
SP00657,S04,124,124,EGFR,2.37
SP00658,S04,232,232,EGFR,3.42
SP00659,S04,150,473,EGFR,2.98
SP00660,S04,18,398,EGFR,2.16
SP00661,S04,430,37,EGFR,0.36
SP00662,S04,371,346,EGFR,5.03
SP00663,S04,410,246,EGFR,4.17
SP00664,S04,328,410,EGFR,1.12
SP00665,S04,54,332,EGFR,0.0
SP00666,S04,361,255,EGFR,2.62
SP00667,S04,432,11,EGFR,1.87
SP00668,S04,70,332,EGFR,4.3
SP00669,S04,443,205,EGFR,2.71
SP00670,S04,142,430,EGFR,2.99
SP00671,S04,406,464,EGFR,1.29
SP00672,S04,41,35,EGFR,1.11
SP00673,S04,272,279,EGFR,1.24
SP00674,S04,36,102,EGFR,1.17
SP00675,S04,256,124,EGFR,1.52
SP00676,S04,40,294,EGFR,2.81
SP00677,S04,115,312,EGFR,2.51
SP00678,S04,61,274,EGFR,3.69
SP00679,S04,86,477,EGFR,0.26
SP00680,S04,450,126,EGFR,1.26
SP00681,S04,134,300,EGFR,4.58
SP00682,S04,280,249,EGFR,2.07
SP00683,S04,89,294,EGFR,4.03
SP00684,S04,226,395,EGFR,1.38
SP00685,S04,206,375,EGFR,1.29
SP00686,S04,489,480,EGFR,3.43
SP00687,S04,317,31,EGFR,3.05
SP00688,S04,392,405,EGFR,3.99
SP00689,S04,12,361,EGFR,4.81
SP00690,S04,331,333,EGFR,5.94
SP00691,S04,503,276,EGFR,2.1
SP00692,S04,302,58,EGFR,7.05
SP00693,S04,22,162,EGFR,1.19
SP00694,S04,356,450,EGFR,2.4
SP00695,S04,63,397,EGFR,3.66
SP00696,S04,111,230,EGFR,1.87
SP00697,S04,158,426,EGFR,2.32
SP00698,S04,207,283,EGFR,4.11
SP00699,S04,97,486,EGFR,2.77
SP00700,S04,130,422,EGFR,4.96
SP00701,S04,105,4,BRCA1,1.5
SP00702,S04,120,509,BRCA1,3.94
SP00703,S04,407,153,BRCA1,0.87
SP00704,S04,113,388,BRCA1,4.21
SP00705,S04,463,468,BRCA1,2.69
SP00706,S04,361,400,BRCA1,4.27
SP00707,S04,393,329,BRCA1,5.31
SP00708,S04,511,389,BRCA1,3.1
SP00709,S04,454,307,BRCA1,3.48
SP00710,S04,148,446,BRCA1,4.09
SP00711,S04,386,237,BRCA1,5.68
SP00712,S04,331,248,BRCA1,4.65
SP00713,S04,333,209,BRCA1,5.9
SP00714,S04,10,26,BRCA1,2.49
SP00715,S04,48,262,BRCA1,1.49
SP00716,S04,319,447,BRCA1,2.35
SP00717,S04,440,398,BRCA1,2.61
SP00718,S04,359,463,BRCA1,3.09
SP00719,S04,10,69,BRCA1,2.37
SP00720,S04,383,512,BRCA1,2.9
SP00721,S04,410,157,BRCA1,5.63
SP00722,S04,498,411,BRCA1,0.52
SP00723,S04,450,351,BRCA1,2.17
SP00724,S04,94,174,BRCA1,0.84
SP00725,S04,371,325,BRCA1,2.63
SP00726,S04,318,179,BRCA1,3.41
SP00727,S04,113,301,BRCA1,2.04
SP00728,S04,430,160,BRCA1,0.59
SP00729,S04,296,212,BRCA1,2.1
SP00730,S04,186,61,BRCA1,2.97
SP00731,S04,109,361,BRCA1,1.21
SP00732,S04,43,421,BRCA1,2.16
SP00733,S04,10,2,BRCA1,2.25
SP00734,S04,4,311,BRCA1,5.01
SP00735,S04,407,100,BRCA1,1.22
SP00736,S04,201,179,BRCA1,1.93
SP00737,S04,509,272,BRCA1,5.05
SP00738,S04,147,203,BRCA1,0.85
SP00739,S04,420,124,BRCA1,4.03
SP00740,S04,109,29,BRCA1,4.34
SP00741,S04,102,77,BRCA1,3.82
SP00742,S04,478,440,BRCA1,4.49
SP00743,S04,63,12,BRCA1,2.26
SP00744,S04,147,243,BRCA1,1.31
SP00745,S04,362,282,BRCA1,3.53
SP00746,S04,101,64,BRCA1,3.96
SP00747,S04,357,196,BRCA1,1.69
SP00748,S04,55,225,BRCA1,3.43
SP00749,S04,405,44,BRCA1,1.19
SP00750,S04,255,228,BRCA1,3.72
SP00751,S04,45,163,MYC,5.49
SP00752,S04,322,6,MYC,1.84
SP00753,S04,466,310,MYC,2.07
SP00754,S04,507,69,MYC,3.52
SP00755,S04,248,399,MYC,2.16
SP00756,S04,423,316,MYC,1.35
SP00757,S04,408,496,MYC,5.79
SP00758,S04,89,177,MYC,3.4
SP00759,S04,174,366,MYC,2.87
SP00760,S04,297,405,MYC,3.12
SP00761,S04,371,117,MYC,1.56
SP00762,S04,343,412,MYC,5.44
SP00763,S04,67,126,MYC,0.27
SP00764,S04,250,396,MYC,4.45
SP00765,S04,195,478,MYC,2.78
SP00766,S04,35,285,MYC,4.01
SP00767,S04,25,349,MYC,3.35
SP00768,S04,132,94,MYC,2.02
SP00769,S04,201,276,MYC,0.63
SP00770,S04,453,478,MYC,2.31
SP00771,S04,245,163,MYC,2.34
SP00772,S04,414,385,MYC,3.72
SP00773,S04,213,304,MYC,4.58
SP00774,S04,232,463,MYC,2.5
SP00775,S04,134,267,MYC,1.76
SP00776,S04,376,252,MYC,2.14
SP00777,S04,413,217,MYC,4.64
SP00778,S04,93,276,MYC,4.66
SP00779,S04,394,29,MYC,2.0
SP00780,S04,318,15,MYC,1.48
SP00781,S04,399,88,MYC,2.17
SP00782,S04,237,328,MYC,0.72
SP00783,S04,192,111,MYC,5.82
SP00784,S04,512,304,MYC,4.29
SP00785,S04,197,67,MYC,2.88
SP00786,S04,295,129,MYC,2.41
SP00787,S04,408,289,MYC,1.33
SP00788,S04,475,135,MYC,5.12
SP00789,S04,283,180,MYC,5.08
SP00790,S04,359,422,MYC,3.39
SP00791,S04,25,473,MYC,3.03
SP00792,S04,360,100,MYC,5.71
SP00793,S04,186,298,MYC,5.32
SP00794,S04,224,41,MYC,5.05
SP00795,S04,414,40,MYC,1.85
SP00796,S04,310,159,MYC,2.06
SP00797,S04,389,40,MYC,1.13
SP00798,S04,183,233,MYC,2.36
SP00799,S04,509,260,MYC,4.86
SP00800,S04,357,0,MYC,2.06
SP00801,S05,114,293,TP53,5.32
SP00802,S05,48,250,TP53,1.34
SP00803,S05,113,38,TP53,3.25
SP00804,S05,353,88,TP53,2.07
SP00805,S05,427,403,TP53,4.94
SP00806,S05,226,287,TP53,2.98
SP00807,S05,92,357,TP53,4.39
SP00808,S05,348,463,TP53,2.51
SP00809,S05,55,210,TP53,1.49
SP00810,S05,130,501,TP53,3.73
SP00811,S05,193,44,TP53,5.5
SP00812,S05,267,178,TP53,2.23
SP00813,S05,167,241,TP53,1.98
SP00814,S05,60,172,TP53,2.71
SP00815,S05,366,355,TP53,2.2
SP00816,S05,318,140,TP53,3.49
SP00817,S05,139,498,TP53,2.5
SP00818,S05,247,6,TP53,2.09
SP00819,S05,455,136,TP53,4.2
SP00820,S05,306,136,TP53,2.49
SP00821,S05,145,246,TP53,1.71
SP00822,S05,434,173,TP53,5.23
SP00823,S05,158,472,TP53,3.76
SP00824,S05,211,117,TP53,1.79
SP00825,S05,296,12,TP53,2.39
SP00826,S05,61,287,TP53,3.73
SP00827,S05,311,201,TP53,3.92
SP00828,S05,115,165,TP53,3.77
SP00829,S05,332,455,TP53,1.7
SP00830,S05,172,73,TP53,3.26
SP00831,S05,46,11,TP53,0.0
SP00832,S05,497,85,TP53,3.77
SP00833,S05,339,270,TP53,4.26
SP00834,S05,444,500,TP53,4.02
SP00835,S05,194,329,TP53,6.14
SP00836,S05,292,257,TP53,3.16
SP00837,S05,251,80,TP53,3.21
SP00838,S05,404,148,TP53,3.25
SP00839,S05,303,376,TP53,3.78
SP00840,S05,172,104,TP53,4.84
SP00841,S05,317,334,TP53,1.53
SP00842,S05,364,327,TP53,4.39
SP00843,S05,235,377,TP53,5.06
SP00844,S05,259,245,TP53,5.38
SP00845,S05,59,42,TP53,4.97
SP00846,S05,412,51,TP53,4.57
SP00847,S05,221,506,TP53,0.99
SP00848,S05,306,82,TP53,4.06
SP00849,S05,145,232,TP53,3.78
SP00850,S05,411,91,TP53,4.3
SP00851,S05,40,450,EGFR,2.03
SP00852,S05,381,2,EGFR,3.13
SP00853,S05,32,435,EGFR,3.34
SP00854,S05,56,431,EGFR,3.42
SP00855,S05,346,64,EGFR,1.08
SP00856,S05,180,168,EGFR,3.78
SP00857,S05,387,302,EGFR,5.53
SP00858,S05,356,200,EGFR,3.07
SP00859,S05,480,87,EGFR,1.37
SP00860,S05,438,158,EGFR,2.55
SP00861,S05,410,83,EGFR,3.18
SP00862,S05,339,304,EGFR,2.54
SP00863,S05,431,377,EGFR,0.99
SP00864,S05,306,351,EGFR,3.24
SP00865,S05,28,193,EGFR,3.4
SP00866,S05,87,150,EGFR,5.26
SP00867,S05,380,426,EGFR,2.34
SP00868,S05,451,405,EGFR,3.8
SP00869,S05,267,116,EGFR,3.52
SP00870,S05,207,114,EGFR,6.64
SP00871,S05,226,259,EGFR,2.47
SP00872,S05,257,501,EGFR,2.27
SP00873,S05,232,469,EGFR,3.27
SP00874,S05,115,82,EGFR,4.81
SP00875,S05,417,75,EGFR,3.23
SP00876,S05,117,104,EGFR,2.29
SP00877,S05,471,401,EGFR,0.0
SP00878,S05,196,486,EGFR,1.99
SP00879,S05,95,140,EGFR,1.64
SP00880,S05,414,242,EGFR,4.39
SP00881,S05,48,381,EGFR,5.1
SP00882,S05,218,470,EGFR,3.56
SP00883,S05,307,123,EGFR,2.61
SP00884,S05,89,206,EGFR,1.58
SP00885,S05,117,363,EGFR,4.14
SP00886,S05,349,11,EGFR,5.02
SP00887,S05,261,125,EGFR,3.11
SP00888,S05,365,500,EGFR,4.68
SP00889,S05,44,361,EGFR,4.43
SP00890,S05,115,34,EGFR,4.04
SP00891,S05,248,260,EGFR,1.69
SP00892,S05,21,450,EGFR,4.71
SP00893,S05,116,21,EGFR,2.45
SP00894,S05,264,189,EGFR,3.04
SP00895,S05,153,296,EGFR,4.46
SP00896,S05,147,256,EGFR,1.52
SP00897,S05,275,454,EGFR,4.28
SP00898,S05,154,498,EGFR,3.11
SP00899,S05,495,32,EGFR,3.12
SP00900,S05,186,401,EGFR,2.64
SP00901,S05,487,162,BRCA1,2.46
SP00902,S05,234,77,BRCA1,1.57
SP00903,S05,369,337,BRCA1,1.81
SP00904,S05,134,44,BRCA1,2.79
SP00905,S05,216,173,BRCA1,3.95
SP00906,S05,339,479,BRCA1,0.95
SP00907,S05,397,362,BRCA1,2.5
SP00908,S05,495,341,BRCA1,4.16
SP00909,S05,232,21,BRCA1,3.02
SP00910,S05,46,149,BRCA1,5.86
SP00911,S05,147,279,BRCA1,2.62
SP00912,S05,268,365,BRCA1,3.34
SP00913,S05,142,34,BRCA1,5.6
SP00914,S05,97,204,BRCA1,1.46
SP00915,S05,436,101,BRCA1,2.26
SP00916,S05,243,144,BRCA1,3.86
SP00917,S05,73,311,BRCA1,4.25
SP00918,S05,371,251,BRCA1,2.7
SP00919,S05,358,415,BRCA1,1.89
SP00920,S05,330,493,BRCA1,4.88
SP00921,S05,376,249,BRCA1,4.72
SP00922,S05,154,138,BRCA1,0.0
SP00923,S05,210,7,BRCA1,4.6
SP00924,S05,414,456,BRCA1,1.66
SP00925,S05,405,309,BRCA1,4.68
SP00926,S05,147,308,BRCA1,2.2
SP00927,S05,315,258,BRCA1,2.74
SP00928,S05,348,75,BRCA1,1.25
SP00929,S05,194,81,BRCA1,1.97
SP00930,S05,361,479,BRCA1,2.39
SP00931,S05,365,438,BRCA1,2.43
SP00932,S05,496,326,BRCA1,0.0
SP00933,S05,179,282,BRCA1,4.41
SP00934,S05,168,274,BRCA1,1.94
SP00935,S05,242,20,BRCA1,3.28
SP00936,S05,205,289,BRCA1,4.39
SP00937,S05,101,201,BRCA1,3.02
SP00938,S05,132,49,BRCA1,3.48
SP00939,S05,81,75,BRCA1,4.04
SP00940,S05,349,139,BRCA1,0.34
SP00941,S05,5,192,BRCA1,2.74
SP00942,S05,15,330,BRCA1,4.99
SP00943,S05,28,217,BRCA1,1.78
SP00944,S05,27,497,BRCA1,5.54
SP00945,S05,415,345,BRCA1,4.28
SP00946,S05,46,89,BRCA1,5.48
SP00947,S05,342,506,BRCA1,4.41
SP00948,S05,474,13,BRCA1,2.89
SP00949,S05,26,324,BRCA1,0.0
SP00950,S05,57,425,BRCA1,1.37
SP00951,S05,337,160,MYC,3.68
SP00952,S05,146,92,MYC,3.45
SP00953,S05,366,370,MYC,1.46
SP00954,S05,157,338,MYC,3.81
SP00955,S05,235,264,MYC,3.62
SP00956,S05,32,316,MYC,1.53
SP00957,S05,464,284,MYC,1.89
SP00958,S05,280,135,MYC,4.32
SP00959,S05,258,9,MYC,2.4
SP00960,S05,371,154,MYC,2.77
SP00961,S05,233,410,MYC,3.03
SP00962,S05,28,137,MYC,2.39
SP00963,S05,125,61,MYC,2.09
SP00964,S05,186,265,MYC,2.75
SP00965,S05,374,152,MYC,5.32
SP00966,S05,165,29,MYC,1.38
SP00967,S05,359,248,MYC,0.41
SP00968,S05,218,352,MYC,4.0
SP00969,S05,398,471,MYC,3.58
SP00970,S05,27,110,MYC,5.4
SP00971,S05,15,67,MYC,4.08
SP00972,S05,359,61,MYC,0.1
SP00973,S05,233,385,MYC,0.35
SP00974,S05,229,31,MYC,4.68
SP00975,S05,257,21,MYC,2.88
SP00976,S05,236,362,MYC,4.49
SP00977,S05,208,333,MYC,3.12
SP00978,S05,305,510,MYC,0.99
SP00979,S05,221,160,MYC,0.0
SP00980,S05,273,139,MYC,3.46
SP00981,S05,307,289,MYC,3.11
SP00982,S05,255,165,MYC,3.07
SP00983,S05,327,463,MYC,3.11
SP00984,S05,214,369,MYC,3.45
SP00985,S05,47,449,MYC,4.15
SP00986,S05,304,25,MYC,5.55
SP00987,S05,114,155,MYC,3.19
SP00988,S05,309,154,MYC,2.97
SP00989,S05,360,99,MYC,3.01
SP00990,S05,406,92,MYC,1.44
SP00991,S05,424,347,MYC,1.7
SP00992,S05,406,343,MYC,1.39
SP00993,S05,33,240,MYC,3.59
SP00994,S05,15,38,MYC,4.88
SP00995,S05,138,237,MYC,1.07
SP00996,S05,20,49,MYC,2.02
SP00997,S05,324,66,MYC,3.51
SP00998,S05,499,139,MYC,2.51
SP00999,S05,438,2,MYC,3.92
SP01000,S05,151,512,MYC,4.92
SP01001,S06,115,362,TP53,4.88
SP01002,S06,79,357,TP53,0.03
SP01003,S06,220,229,TP53,2.87
SP01004,S06,181,15,TP53,1.89
SP01005,S06,270,275,TP53,3.38
SP01006,S06,49,417,TP53,3.17
SP01007,S06,371,273,TP53,5.13
SP01008,S06,464,288,TP53,3.14
SP01009,S06,338,420,TP53,5.83
SP01010,S06,275,408,TP53,2.68
SP01011,S06,432,325,TP53,1.67
SP01012,S06,154,396,TP53,2.66
SP01013,S06,394,419,TP53,3.99
SP01014,S06,5,244,TP53,0.18
SP01015,S06,260,386,TP53,5.61
SP01016,S06,118,88,TP53,2.85
SP01017,S06,34,50,TP53,1.51
SP01018,S06,453,323,TP53,4.0
SP01019,S06,466,0,TP53,1.01
SP01020,S06,481,350,TP53,3.34
SP01021,S06,389,240,TP53,4.13
SP01022,S06,387,363,TP53,0.79
SP01023,S06,65,402,TP53,4.09
SP01024,S06,329,73,TP53,2.83
SP01025,S06,228,271,TP53,2.79
SP01026,S06,356,488,TP53,5.68
SP01027,S06,226,145,TP53,5.16
SP01028,S06,372,209,TP53,3.95
SP01029,S06,173,374,TP53,3.06
SP01030,S06,471,181,TP53,3.86
SP01031,S06,44,329,TP53,1.06
SP01032,S06,438,125,TP53,4.8
SP01033,S06,419,157,TP53,2.6
SP01034,S06,373,365,TP53,1.7
SP01035,S06,309,463,TP53,2.41
SP01036,S06,297,456,TP53,2.04
SP01037,S06,114,460,TP53,1.5
SP01038,S06,178,153,TP53,1.3
SP01039,S06,6,133,TP53,1.86
SP01040,S06,243,379,TP53,4.26
SP01041,S06,348,390,TP53,2.97
SP01042,S06,0,265,TP53,4.78
SP01043,S06,59,182,TP53,2.39
SP01044,S06,331,261,TP53,4.65
SP01045,S06,247,271,TP53,3.31
SP01046,S06,505,90,TP53,2.47
SP01047,S06,206,131,TP53,0.8
SP01048,S06,380,44,TP53,4.15
SP01049,S06,453,384,TP53,1.52
SP01050,S06,302,417,TP53,4.64
SP01051,S06,441,262,EGFR,2.17
SP01052,S06,132,196,EGFR,4.11
SP01053,S06,381,64,EGFR,2.37
SP01054,S06,72,81,EGFR,1.92
SP01055,S06,456,388,EGFR,1.86
SP01056,S06,26,110,EGFR,3.9
SP01057,S06,473,473,EGFR,2.55
SP01058,S06,484,180,EGFR,1.57
SP01059,S06,66,450,EGFR,2.4
SP01060,S06,9,237,EGFR,3.45
SP01061,S06,205,411,EGFR,0.0
SP01062,S06,301,338,EGFR,2.17
SP01063,S06,396,470,EGFR,3.73
SP01064,S06,78,15,EGFR,3.67
SP01065,S06,104,508,EGFR,4.99
SP01066,S06,465,56,EGFR,4.23
SP01067,S06,204,343,EGFR,2.53
SP01068,S06,427,143,EGFR,3.05
SP01069,S06,416,51,EGFR,3.54
SP01070,S06,342,194,EGFR,2.43
SP01071,S06,6,190,EGFR,4.12
SP01072,S06,268,88,EGFR,2.92
SP01073,S06,320,392,EGFR,2.91
SP01074,S06,404,430,EGFR,5.77
SP01075,S06,52,314,EGFR,2.06
SP01076,S06,446,263,EGFR,5.65
SP01077,S06,312,206,EGFR,3.65
SP01078,S06,382,475,EGFR,3.7
SP01079,S06,500,144,EGFR,1.33
SP01080,S06,205,467,EGFR,4.88
SP01081,S06,52,321,EGFR,3.52
SP01082,S06,331,36,EGFR,3.03
SP01083,S06,280,224,EGFR,3.33
SP01084,S06,214,465,EGFR,1.89
SP01085,S06,415,455,EGFR,3.27
SP01086,S06,184,444,EGFR,3.9
SP01087,S06,127,50,EGFR,4.88
SP01088,S06,509,184,EGFR,5.19
SP01089,S06,14,168,EGFR,0.9
SP01090,S06,301,216,EGFR,3.02
SP01091,S06,162,149,EGFR,3.38
SP01092,S06,103,476,EGFR,0.81
SP01093,S06,97,206,EGFR,3.73
SP01094,S06,424,229,EGFR,0.0
SP01095,S06,263,453,EGFR,2.68
SP01096,S06,58,136,EGFR,2.25
SP01097,S06,42,163,EGFR,3.6
SP01098,S06,238,326,EGFR,2.0
SP01099,S06,157,316,EGFR,4.05
SP01100,S06,219,155,EGFR,2.35
SP01101,S06,236,400,BRCA1,4.23
SP01102,S06,159,298,BRCA1,2.8
SP01103,S06,228,95,BRCA1,3.25
SP01104,S06,188,440,BRCA1,3.75
SP01105,S06,341,411,BRCA1,4.98
SP01106,S06,125,215,BRCA1,4.73
SP01107,S06,74,297,BRCA1,2.74
SP01108,S06,508,95,BRCA1,3.02
SP01109,S06,205,496,BRCA1,2.78
SP01110,S06,90,206,BRCA1,4.17
SP01111,S06,143,481,BRCA1,2.61
SP01112,S06,232,307,BRCA1,5.93
SP01113,S06,33,103,BRCA1,4.26
SP01114,S06,155,307,BRCA1,2.74
SP01115,S06,51,176,BRCA1,2.24
SP01116,S06,253,337,BRCA1,4.33
SP01117,S06,372,183,BRCA1,5.04
SP01118,S06,71,465,BRCA1,4.68
SP01119,S06,97,115,BRCA1,3.45
SP01120,S06,472,36,BRCA1,1.17
SP01121,S06,34,40,BRCA1,2.37
SP01122,S06,135,425,BRCA1,2.95
SP01123,S06,361,78,BRCA1,1.54
SP01124,S06,167,368,BRCA1,4.46
SP01125,S06,173,92,BRCA1,1.68
SP01126,S06,491,310,BRCA1,5.34
SP01127,S06,152,267,BRCA1,5.39
SP01128,S06,119,156,BRCA1,4.6
SP01129,S06,508,276,BRCA1,2.32
SP01130,S06,479,251,BRCA1,2.84
SP01131,S06,167,43,BRCA1,1.66
SP01132,S06,202,290,BRCA1,2.94
SP01133,S06,413,208,BRCA1,6.05
SP01134,S06,245,97,BRCA1,2.77
SP01135,S06,15,108,BRCA1,4.52
SP01136,S06,215,234,BRCA1,2.43
SP01137,S06,89,175,BRCA1,3.62
SP01138,S06,31,434,BRCA1,3.9
SP01139,S06,402,112,BRCA1,2.23
SP01140,S06,86,222,BRCA1,5.84
SP01141,S06,239,249,BRCA1,0.98
SP01142,S06,63,251,BRCA1,1.62
SP01143,S06,74,345,BRCA1,3.4
SP01144,S06,178,310,BRCA1,2.96
SP01145,S06,350,86,BRCA1,3.58
SP01146,S06,187,11,BRCA1,1.55
SP01147,S06,325,421,BRCA1,3.08
SP01148,S06,250,151,BRCA1,2.65
SP01149,S06,171,154,BRCA1,3.71
SP01150,S06,208,202,BRCA1,0.71
SP01151,S06,224,339,MYC,2.87
SP01152,S06,2,491,MYC,2.5
SP01153,S06,38,509,MYC,1.76
SP01154,S06,70,64,MYC,2.8
SP01155,S06,203,51,MYC,4.39
SP01156,S06,94,357,MYC,0.97
SP01157,S06,166,504,MYC,1.92
SP01158,S06,138,265,MYC,0.95
SP01159,S06,310,54,MYC,2.92
SP01160,S06,168,445,MYC,0.35
SP01161,S06,395,306,MYC,2.98
SP01162,S06,118,69,MYC,1.12
SP01163,S06,258,237,MYC,3.12
SP01164,S06,242,504,MYC,4.86
SP01165,S06,51,401,MYC,2.28
SP01166,S06,350,388,MYC,1.8
SP01167,S06,415,89,MYC,3.28
SP01168,S06,347,436,MYC,5.07
SP01169,S06,312,4,MYC,2.41
SP01170,S06,113,486,MYC,4.81
SP01171,S06,428,420,MYC,1.78
SP01172,S06,343,218,MYC,2.05
SP01173,S06,85,362,MYC,1.77
SP01174,S06,33,299,MYC,3.97
SP01175,S06,343,90,MYC,3.9
SP01176,S06,452,417,MYC,2.96
SP01177,S06,247,123,MYC,3.41
SP01178,S06,384,188,MYC,4.92
SP01179,S06,399,277,MYC,2.6
SP01180,S06,171,229,MYC,3.7
SP01181,S06,359,403,MYC,2.56
SP01182,S06,193,166,MYC,4.14
SP01183,S06,400,9,MYC,3.87
SP01184,S06,251,465,MYC,3.0
SP01185,S06,256,360,MYC,1.19
SP01186,S06,385,138,MYC,0.0
SP01187,S06,259,426,MYC,4.74
SP01188,S06,454,272,MYC,3.9
SP01189,S06,302,370,MYC,2.25
SP01190,S06,384,61,MYC,5.07
SP01191,S06,510,505,MYC,0.49
SP01192,S06,58,121,MYC,5.89
SP01193,S06,386,458,MYC,2.37
SP01194,S06,155,469,MYC,4.56
SP01195,S06,35,333,MYC,2.83
SP01196,S06,277,147,MYC,3.02
SP01197,S06,192,47,MYC,3.86
SP01198,S06,287,247,MYC,2.99
SP01199,S06,298,26,MYC,0.0
SP01200,S06,86,389,MYC,4.85
SP01201,S07,504,368,TP53,2.59
SP01202,S07,165,507,TP53,1.95
SP01203,S07,49,355,TP53,3.74
SP01204,S07,63,166,TP53,2.42
SP01205,S07,315,174,TP53,1.72
SP01206,S07,304,392,TP53,0.22
SP01207,S07,368,191,TP53,2.59
SP01208,S07,486,202,TP53,5.92
SP01209,S07,328,448,TP53,1.26
SP01210,S07,370,403,TP53,4.21
SP01211,S07,327,394,TP53,3.43
SP01212,S07,115,208,TP53,1.47
SP01213,S07,461,418,TP53,1.42
SP01214,S07,322,45,TP53,1.16
SP01215,S07,155,285,TP53,3.07
SP01216,S07,421,78,TP53,1.42
SP01217,S07,281,401,TP53,0.97
SP01218,S07,295,124,TP53,5.37
SP01219,S07,265,460,TP53,3.05
SP01220,S07,312,362,TP53,2.6
SP01221,S07,368,271,TP53,5.9
SP01222,S07,98,422,TP53,2.64
SP01223,S07,113,314,TP53,3.44
SP01224,S07,120,413,TP53,3.75
SP01225,S07,403,349,TP53,1.67
SP01226,S07,344,358,TP53,3.97
SP01227,S07,190,146,TP53,1.33
SP01228,S07,295,136,TP53,2.66
SP01229,S07,218,346,TP53,1.68
SP01230,S07,68,3,TP53,0.1
SP01231,S07,241,442,TP53,1.5
SP01232,S07,280,135,TP53,4.04
SP01233,S07,154,227,TP53,1.89
SP01234,S07,512,127,TP53,0.93
SP01235,S07,289,34,TP53,2.89
SP01236,S07,390,294,TP53,0.41
SP01237,S07,134,393,TP53,2.15
SP01238,S07,68,279,TP53,2.27
SP01239,S07,218,229,TP53,2.52
SP01240,S07,80,368,TP53,4.23
SP01241,S07,23,73,TP53,5.5
SP01242,S07,223,3,TP53,5.41
SP01243,S07,468,142,TP53,1.44
SP01244,S07,456,33,TP53,3.54
SP01245,S07,40,478,TP53,3.77
SP01246,S07,348,338,TP53,3.64
SP01247,S07,235,223,TP53,0.57
SP01248,S07,288,31,TP53,2.1
SP01249,S07,228,177,TP53,4.63
SP01250,S07,434,383,TP53,3.29
SP01251,S07,64,280,EGFR,2.7
SP01252,S07,409,399,EGFR,1.17
SP01253,S07,418,231,EGFR,1.55
SP01254,S07,56,380,EGFR,0.49
SP01255,S07,337,257,EGFR,4.44
SP01256,S07,136,441,EGFR,3.69
SP01257,S07,464,465,EGFR,3.7
SP01258,S07,114,412,EGFR,4.8
SP01259,S07,169,289,EGFR,3.03
SP01260,S07,16,449,EGFR,2.44
SP01261,S07,202,201,EGFR,3.14
SP01262,S07,303,23,EGFR,2.07
SP01263,S07,16,64,EGFR,2.12
SP01264,S07,270,363,EGFR,4.16
SP01265,S07,167,323,EGFR,4.19
SP01266,S07,45,179,EGFR,2.94
SP01267,S07,363,431,EGFR,5.04
SP01268,S07,465,104,EGFR,1.5
SP01269,S07,351,109,EGFR,3.84
SP01270,S07,482,497,EGFR,1.96
SP01271,S07,84,345,EGFR,3.44
SP01272,S07,131,111,EGFR,1.47
SP01273,S07,257,398,EGFR,3.27
SP01274,S07,21,197,EGFR,4.03
SP01275,S07,284,447,EGFR,3.34
SP01276,S07,164,447,EGFR,0.77
SP01277,S07,137,141,EGFR,3.97
SP01278,S07,388,28,EGFR,3.08
SP01279,S07,9,88,EGFR,2.59
SP01280,S07,72,331,EGFR,3.09
SP01281,S07,346,472,EGFR,1.01
SP01282,S07,210,7,EGFR,3.19
SP01283,S07,249,209,EGFR,4.14
SP01284,S07,106,100,EGFR,2.23
SP01285,S07,129,204,EGFR,1.3
SP01286,S07,450,69,EGFR,3.67
SP01287,S07,55,481,EGFR,3.99
SP01288,S07,245,480,EGFR,4.78
SP01289,S07,483,145,EGFR,4.21
SP01290,S07,390,64,EGFR,4.11
SP01291,S07,244,234,EGFR,4.81
SP01292,S07,229,39,EGFR,3.06
SP01293,S07,248,96,EGFR,3.78
SP01294,S07,0,38,EGFR,2.49
SP01295,S07,477,49,EGFR,0.28
SP01296,S07,224,45,EGFR,4.93
SP01297,S07,423,269,EGFR,4.52
SP01298,S07,490,106,EGFR,3.4
SP01299,S07,98,191,EGFR,4.07
SP01300,S07,331,108,EGFR,4.35
SP01301,S07,390,2,BRCA1,3.31
SP01302,S07,87,79,BRCA1,3.15
SP01303,S07,55,297,BRCA1,0.99
SP01304,S07,213,24,BRCA1,3.56
SP01305,S07,191,468,BRCA1,3.56
SP01306,S07,212,439,BRCA1,5.12
SP01307,S07,113,88,BRCA1,1.75
SP01308,S07,96,89,BRCA1,2.63
SP01309,S07,244,103,BRCA1,3.95
SP01310,S07,316,302,BRCA1,3.6
SP01311,S07,151,505,BRCA1,0.0
SP01312,S07,196,7,BRCA1,0.59
SP01313,S07,80,76,BRCA1,5.04
SP01314,S07,219,394,BRCA1,3.57
SP01315,S07,466,417,BRCA1,4.62
SP01316,S07,215,81,BRCA1,2.16
SP01317,S07,22,60,BRCA1,2.93
SP01318,S07,138,441,BRCA1,2.66
SP01319,S07,56,184,BRCA1,2.14
SP01320,S07,261,137,BRCA1,2.21
SP01321,S07,258,307,BRCA1,3.19
SP01322,S07,391,96,BRCA1,2.72
SP01323,S07,166,453,BRCA1,4.76
SP01324,S07,484,333,BRCA1,5.9
SP01325,S07,280,255,BRCA1,4.73
SP01326,S07,348,236,BRCA1,3.14
SP01327,S07,365,336,BRCA1,5.4
SP01328,S07,244,350,BRCA1,3.03
SP01329,S07,81,165,BRCA1,5.07
SP01330,S07,321,435,BRCA1,4.6
SP01331,S07,345,375,BRCA1,3.66
SP01332,S07,469,164,BRCA1,3.28
SP01333,S07,216,54,BRCA1,1.98
SP01334,S07,417,91,BRCA1,1.59
SP01335,S07,217,223,BRCA1,2.29
SP01336,S07,13,266,BRCA1,5.96
SP01337,S07,441,121,BRCA1,3.87
SP01338,S07,448,170,BRCA1,2.94
SP01339,S07,291,400,BRCA1,3.01
SP01340,S07,28,93,BRCA1,4.08
SP01341,S07,214,265,BRCA1,1.49
SP01342,S07,145,71,BRCA1,1.62
SP01343,S07,69,400,BRCA1,2.83
SP01344,S07,68,14,BRCA1,3.48
SP01345,S07,75,370,BRCA1,4.6
SP01346,S07,505,280,BRCA1,3.81
SP01347,S07,460,182,BRCA1,3.87
SP01348,S07,404,418,BRCA1,2.37
SP01349,S07,177,455,BRCA1,5.87
SP01350,S07,471,350,BRCA1,2.81
SP01351,S07,330,210,MYC,5.58
SP01352,S07,231,109,MYC,3.5
SP01353,S07,213,359,MYC,2.46
SP01354,S07,10,194,MYC,2.01
SP01355,S07,74,91,MYC,4.12
SP01356,S07,319,269,MYC,4.72
SP01357,S07,184,46,MYC,3.39
SP01358,S07,58,392,MYC,3.5
SP01359,S07,260,91,MYC,2.1
SP01360,S07,66,302,MYC,2.58
SP01361,S07,15,274,MYC,3.44
SP01362,S07,363,372,MYC,2.41
SP01363,S07,180,141,MYC,1.44
SP01364,S07,379,375,MYC,4.67
SP01365,S07,170,114,MYC,5.13
SP01366,S07,169,292,MYC,0.8
SP01367,S07,389,30,MYC,3.15
SP01368,S07,224,393,MYC,3.91
SP01369,S07,374,246,MYC,2.0
SP01370,S07,7,51,MYC,1.77
SP01371,S07,101,386,MYC,3.53
SP01372,S07,30,483,MYC,2.12
SP01373,S07,448,499,MYC,4.16
SP01374,S07,503,95,MYC,4.03
SP01375,S07,414,120,MYC,0.0
SP01376,S07,236,436,MYC,3.3
SP01377,S07,450,62,MYC,3.39
SP01378,S07,369,454,MYC,3.36
SP01379,S07,480,244,MYC,4.64
SP01380,S07,73,227,MYC,2.31
SP01381,S07,495,221,MYC,0.39
SP01382,S07,385,112,MYC,1.91
SP01383,S07,61,442,MYC,1.98
SP01384,S07,174,323,MYC,2.84
SP01385,S07,217,103,MYC,3.95
SP01386,S07,471,134,MYC,3.55
SP01387,S07,76,463,MYC,2.57
SP01388,S07,287,369,MYC,2.53
SP01389,S07,69,122,MYC,2.54
SP01390,S07,263,184,MYC,1.48
SP01391,S07,11,25,MYC,1.68
SP01392,S07,32,239,MYC,1.33
SP01393,S07,510,142,MYC,2.54
SP01394,S07,329,42,MYC,2.36
SP01395,S07,376,186,MYC,2.92
SP01396,S07,469,83,MYC,2.76
SP01397,S07,460,222,MYC,3.67
SP01398,S07,143,196,MYC,2.07
SP01399,S07,311,321,MYC,0.13
SP01400,S07,411,25,MYC,1.34
SP01401,S08,169,12,TP53,1.97
SP01402,S08,67,488,TP53,4.24
SP01403,S08,382,503,TP53,2.55
SP01404,S08,221,197,TP53,2.15
SP01405,S08,481,206,TP53,2.1
SP01406,S08,277,231,TP53,5.28
SP01407,S08,329,32,TP53,1.93
SP01408,S08,23,382,TP53,3.71
SP01409,S08,165,244,TP53,3.01
SP01410,S08,264,465,TP53,2.98
SP01411,S08,486,395,TP53,3.67
SP01412,S08,123,280,TP53,3.79
SP01413,S08,426,152,TP53,7.26
SP01414,S08,138,328,TP53,0.31
SP01415,S08,58,171,TP53,3.08
SP01416,S08,463,418,TP53,3.84
SP01417,S08,259,228,TP53,5.24
SP01418,S08,275,417,TP53,0.3
SP01419,S08,97,52,TP53,0.62
SP01420,S08,17,296,TP53,4.02
SP01421,S08,72,295,TP53,3.02
SP01422,S08,141,430,TP53,2.13
SP01423,S08,75,385,TP53,4.48
SP01424,S08,119,456,TP53,0.93
SP01425,S08,249,511,TP53,1.98
SP01426,S08,378,197,TP53,1.44
SP01427,S08,446,77,TP53,2.1
SP01428,S08,391,185,TP53,2.41
SP01429,S08,261,242,TP53,0.02
SP01430,S08,263,75,TP53,4.84
SP01431,S08,58,483,TP53,3.29
SP01432,S08,9,455,TP53,4.21
SP01433,S08,486,348,TP53,2.04
SP01434,S08,184,476,TP53,1.02
SP01435,S08,332,238,TP53,3.6
SP01436,S08,212,418,TP53,2.92
SP01437,S08,410,137,TP53,3.82
SP01438,S08,368,389,TP53,2.4
SP01439,S08,506,373,TP53,3.69
SP01440,S08,220,272,TP53,3.71
SP01441,S08,115,36,TP53,0.1
SP01442,S08,430,79,TP53,2.82
SP01443,S08,480,465,TP53,4.72
SP01444,S08,364,353,TP53,2.35
SP01445,S08,447,322,TP53,3.72
SP01446,S08,18,164,TP53,4.43
SP01447,S08,403,378,TP53,4.46
SP01448,S08,299,208,TP53,4.32
SP01449,S08,254,201,TP53,1.14
SP01450,S08,261,167,TP53,5.0
SP01451,S08,66,465,EGFR,4.67
SP01452,S08,46,203,EGFR,0.69
SP01453,S08,15,422,EGFR,2.83
SP01454,S08,71,4,EGFR,1.9
SP01455,S08,177,87,EGFR,2.96
SP01456,S08,235,178,EGFR,2.88
SP01457,S08,271,242,EGFR,3.68
SP01458,S08,90,203,EGFR,3.08
SP01459,S08,152,481,EGFR,2.13
SP01460,S08,327,298,EGFR,4.46
SP01461,S08,427,490,EGFR,3.89
SP01462,S08,85,270,EGFR,2.11
SP01463,S08,166,271,EGFR,4.64
SP01464,S08,269,134,EGFR,4.06
SP01465,S08,336,349,EGFR,2.23
SP01466,S08,52,157,EGFR,2.99
SP01467,S08,432,394,EGFR,2.93
SP01468,S08,318,73,EGFR,3.25
SP01469,S08,483,96,EGFR,3.74
SP01470,S08,463,479,EGFR,3.32
SP01471,S08,236,95,EGFR,3.72
SP01472,S08,445,141,EGFR,1.59
SP01473,S08,13,197,EGFR,3.89
SP01474,S08,468,246,EGFR,2.6
SP01475,S08,264,433,EGFR,1.75
SP01476,S08,58,31,EGFR,2.83
SP01477,S08,234,24,EGFR,3.21
SP01478,S08,465,196,EGFR,4.14
SP01479,S08,188,209,EGFR,7.57
SP01480,S08,267,134,EGFR,2.6
SP01481,S08,161,63,EGFR,3.36
SP01482,S08,317,406,EGFR,5.38
SP01483,S08,323,313,EGFR,4.8
SP01484,S08,91,300,EGFR,3.66
SP01485,S08,50,332,EGFR,2.2
SP01486,S08,251,472,EGFR,2.93
SP01487,S08,30,202,EGFR,1.95
SP01488,S08,371,487,EGFR,5.22
SP01489,S08,318,76,EGFR,3.42
SP01490,S08,396,447,EGFR,3.33
SP01491,S08,495,68,EGFR,2.97
SP01492,S08,227,460,EGFR,5.08
SP01493,S08,325,488,EGFR,4.35
SP01494,S08,380,457,EGFR,2.45
SP01495,S08,322,52,EGFR,4.22
SP01496,S08,285,136,EGFR,3.95
SP01497,S08,38,132,EGFR,4.96
SP01498,S08,35,307,EGFR,3.82
SP01499,S08,70,348,EGFR,2.45
SP01500,S08,403,96,EGFR,3.23
SP01501,S08,52,32,BRCA1,2.43
SP01502,S08,138,109,BRCA1,5.32
SP01503,S08,72,323,BRCA1,3.89
SP01504,S08,416,173,BRCA1,4.48
SP01505,S08,245,177,BRCA1,1.08
SP01506,S08,346,371,BRCA1,4.66
SP01507,S08,126,248,BRCA1,1.29
SP01508,S08,93,265,BRCA1,3.46
SP01509,S08,395,484,BRCA1,3.13
SP01510,S08,295,476,BRCA1,3.89
SP01511,S08,402,206,BRCA1,2.93
SP01512,S08,198,502,BRCA1,2.27
SP01513,S08,109,346,BRCA1,3.11
SP01514,S08,480,152,BRCA1,2.69
SP01515,S08,328,320,BRCA1,4.08
SP01516,S08,349,192,BRCA1,5.05
SP01517,S08,428,57,BRCA1,4.22
SP01518,S08,352,10,BRCA1,0.49
SP01519,S08,260,40,BRCA1,5.78
SP01520,S08,334,233,BRCA1,0.96
SP01521,S08,325,272,BRCA1,4.13
SP01522,S08,361,403,BRCA1,2.63
SP01523,S08,387,290,BRCA1,3.77
SP01524,S08,420,250,BRCA1,3.64
SP01525,S08,53,175,BRCA1,3.08
SP01526,S08,259,333,BRCA1,0.44
SP01527,S08,389,447,BRCA1,3.4
SP01528,S08,344,56,BRCA1,2.37
SP01529,S08,353,176,BRCA1,4.66
SP01530,S08,142,49,BRCA1,0.65
SP01531,S08,466,347,BRCA1,1.47
SP01532,S08,219,348,BRCA1,3.29
SP01533,S08,369,255,BRCA1,3.65
SP01534,S08,26,26,BRCA1,3.28
SP01535,S08,232,378,BRCA1,3.47
SP01536,S08,53,203,BRCA1,3.23
SP01537,S08,473,411,BRCA1,2.4
SP01538,S08,387,317,BRCA1,4.48
SP01539,S08,481,326,BRCA1,4.84
SP01540,S08,319,360,BRCA1,1.66
SP01541,S08,108,70,BRCA1,1.55
SP01542,S08,232,212,BRCA1,3.15
SP01543,S08,213,371,BRCA1,0.0
SP01544,S08,127,35,BRCA1,2.15
SP01545,S08,472,442,BRCA1,3.73
SP01546,S08,94,188,BRCA1,3.11
SP01547,S08,297,365,BRCA1,5.0
SP01548,S08,59,224,BRCA1,4.48
SP01549,S08,375,443,BRCA1,4.09
SP01550,S08,78,426,BRCA1,4.67
SP01551,S08,206,335,MYC,2.6
SP01552,S08,191,503,MYC,4.19
SP01553,S08,512,11,MYC,2.62
SP01554,S08,387,168,MYC,2.32
SP01555,S08,187,17,MYC,4.5
SP01556,S08,115,370,MYC,2.05
SP01557,S08,54,56,MYC,3.08
SP01558,S08,220,473,MYC,3.29
SP01559,S08,158,218,MYC,4.22
SP01560,S08,31,434,MYC,4.55
SP01561,S08,139,265,MYC,2.19
SP01562,S08,221,479,MYC,2.38
SP01563,S08,55,94,MYC,3.38
SP01564,S08,169,242,MYC,0.51
SP01565,S08,261,237,MYC,2.14
SP01566,S08,179,206,MYC,2.91
SP01567,S08,112,473,MYC,2.48
SP01568,S08,279,434,MYC,0.86
SP01569,S08,53,500,MYC,4.42
SP01570,S08,88,71,MYC,2.48
SP01571,S08,425,145,MYC,2.63
SP01572,S08,221,344,MYC,3.78
SP01573,S08,418,251,MYC,4.01
SP01574,S08,419,365,MYC,2.98
SP01575,S08,446,310,MYC,2.27
SP01576,S08,456,87,MYC,4.85
SP01577,S08,145,197,MYC,2.39
SP01578,S08,303,188,MYC,2.61
SP01579,S08,427,491,MYC,4.28
SP01580,S08,497,484,MYC,0.98
SP01581,S08,283,482,MYC,1.43
SP01582,S08,148,512,MYC,2.82
SP01583,S08,173,238,MYC,4.95
SP01584,S08,71,413,MYC,3.97
SP01585,S08,102,362,MYC,2.87
SP01586,S08,401,155,MYC,1.74
SP01587,S08,476,6,MYC,5.37
SP01588,S08,488,362,MYC,3.63
SP01589,S08,411,442,MYC,2.4
SP01590,S08,4,148,MYC,2.44
SP01591,S08,374,408,MYC,3.48
SP01592,S08,224,348,MYC,1.19
SP01593,S08,160,412,MYC,2.33
SP01594,S08,139,27,MYC,2.07
SP01595,S08,330,491,MYC,1.95
SP01596,S08,20,358,MYC,3.41
SP01597,S08,332,488,MYC,3.8
SP01598,S08,266,17,MYC,3.72
SP01599,S08,379,397,MYC,5.33
SP01600,S08,12,282,MYC,4.05
SP01601,S09,340,294,TP53,3.36
SP01602,S09,386,22,TP53,2.25
SP01603,S09,77,197,TP53,3.57
SP01604,S09,143,150,TP53,5.21
SP01605,S09,318,233,TP53,3.29
SP01606,S09,124,109,TP53,4.47
SP01607,S09,147,91,TP53,3.11
SP01608,S09,197,40,TP53,2.21
SP01609,S09,508,395,TP53,1.26
SP01610,S09,183,129,TP53,3.93
SP01611,S09,308,39,TP53,3.72
SP01612,S09,39,22,TP53,3.42
SP01613,S09,335,172,TP53,3.63
SP01614,S09,185,202,TP53,3.54
SP01615,S09,366,202,TP53,0.51
SP01616,S09,444,333,TP53,5.99
SP01617,S09,400,418,TP53,2.98
SP01618,S09,25,179,TP53,4.02
SP01619,S09,169,184,TP53,4.94
SP01620,S09,60,456,TP53,1.45
SP01621,S09,34,450,TP53,0.22
SP01622,S09,14,462,TP53,2.15
SP01623,S09,449,23,TP53,1.98
SP01624,S09,405,151,TP53,2.25
SP01625,S09,49,145,TP53,0.86
SP01626,S09,160,4,TP53,3.04
SP01627,S09,512,5,TP53,3.74
SP01628,S09,193,389,TP53,1.9
SP01629,S09,418,341,TP53,6.38
SP01630,S09,165,323,TP53,2.13
SP01631,S09,385,195,TP53,2.64
SP01632,S09,4,334,TP53,6.01
SP01633,S09,325,268,TP53,3.4
SP01634,S09,500,281,TP53,1.8
SP01635,S09,84,503,TP53,5.13
SP01636,S09,152,438,TP53,2.0
SP01637,S09,84,424,TP53,4.55
SP01638,S09,437,4,TP53,1.98
SP01639,S09,89,136,TP53,3.9
SP01640,S09,116,445,TP53,3.68
SP01641,S09,452,262,TP53,4.33
SP01642,S09,377,99,TP53,3.75
SP01643,S09,36,505,TP53,3.6
SP01644,S09,66,264,TP53,1.98
SP01645,S09,284,379,TP53,3.46
SP01646,S09,512,436,TP53,4.6
SP01647,S09,284,467,TP53,2.24
SP01648,S09,484,121,TP53,2.04
SP01649,S09,47,148,TP53,3.44
SP01650,S09,134,360,TP53,1.91
SP01651,S09,385,255,EGFR,2.9
SP01652,S09,455,489,EGFR,4.66
SP01653,S09,26,88,EGFR,5.16
SP01654,S09,35,220,EGFR,4.22
SP01655,S09,475,480,EGFR,3.41
SP01656,S09,297,351,EGFR,2.6
SP01657,S09,189,139,EGFR,1.56
SP01658,S09,190,512,EGFR,1.14
SP01659,S09,266,344,EGFR,4.56
SP01660,S09,228,485,EGFR,5.62
SP01661,S09,229,256,EGFR,2.97
SP01662,S09,164,309,EGFR,3.5
SP01663,S09,64,392,EGFR,0.31
SP01664,S09,454,217,EGFR,2.43
SP01665,S09,100,426,EGFR,5.17
SP01666,S09,61,392,EGFR,1.69
SP01667,S09,237,474,EGFR,1.29
SP01668,S09,200,265,EGFR,3.21
SP01669,S09,164,122,EGFR,1.65
SP01670,S09,171,140,EGFR,2.52
SP01671,S09,481,480,EGFR,1.9
SP01672,S09,376,101,EGFR,3.05
SP01673,S09,509,336,EGFR,4.53
SP01674,S09,376,388,EGFR,5.48
SP01675,S09,114,143,EGFR,1.86
SP01676,S09,338,394,EGFR,3.01
SP01677,S09,182,321,EGFR,3.16
SP01678,S09,469,126,EGFR,1.79
SP01679,S09,291,466,EGFR,1.76
SP01680,S09,371,492,EGFR,1.69
SP01681,S09,202,179,EGFR,1.78
SP01682,S09,307,300,EGFR,4.47
SP01683,S09,250,65,EGFR,2.16
SP01684,S09,72,210,EGFR,3.46
SP01685,S09,120,242,EGFR,1.96
SP01686,S09,103,197,EGFR,1.14
SP01687,S09,1,272,EGFR,4.41
SP01688,S09,287,320,EGFR,3.45
SP01689,S09,9,425,EGFR,1.7
SP01690,S09,185,13,EGFR,4.78
SP01691,S09,207,183,EGFR,3.83
SP01692,S09,215,124,EGFR,2.45
SP01693,S09,273,331,EGFR,2.37
SP01694,S09,27,68,EGFR,1.77
SP01695,S09,434,113,EGFR,4.42
SP01696,S09,151,438,EGFR,0.41
SP01697,S09,372,22,EGFR,7.28
SP01698,S09,437,394,EGFR,1.71
SP01699,S09,164,380,EGFR,2.73
SP01700,S09,367,378,EGFR,1.25
SP01701,S09,261,145,BRCA1,3.42
SP01702,S09,113,127,BRCA1,3.68
SP01703,S09,163,316,BRCA1,1.17
SP01704,S09,508,422,BRCA1,2.97
SP01705,S09,474,15,BRCA1,2.85
SP01706,S09,143,242,BRCA1,1.98
SP01707,S09,5,247,BRCA1,4.04
SP01708,S09,94,488,BRCA1,2.2
SP01709,S09,396,439,BRCA1,1.78
SP01710,S09,227,50,BRCA1,5.05
SP01711,S09,463,244,BRCA1,4.69
SP01712,S09,185,202,BRCA1,2.12
SP01713,S09,71,266,BRCA1,4.09
SP01714,S09,90,346,BRCA1,3.62
SP01715,S09,80,433,BRCA1,3.02
SP01716,S09,457,250,BRCA1,2.45
SP01717,S09,158,176,BRCA1,2.58
SP01718,S09,108,439,BRCA1,4.17
SP01719,S09,169,46,BRCA1,0.0
SP01720,S09,160,59,BRCA1,3.06
SP01721,S09,291,40,BRCA1,2.67
SP01722,S09,195,414,BRCA1,3.56
SP01723,S09,172,234,BRCA1,2.28
SP01724,S09,464,93,BRCA1,1.69
SP01725,S09,245,478,BRCA1,3.99
SP01726,S09,407,103,BRCA1,3.02
SP01727,S09,203,417,BRCA1,4.82
SP01728,S09,373,343,BRCA1,4.12
SP01729,S09,254,272,BRCA1,2.34
SP01730,S09,38,410,BRCA1,1.94
SP01731,S09,426,441,BRCA1,3.53
SP01732,S09,58,196,BRCA1,3.25
SP01733,S09,269,102,BRCA1,1.44
SP01734,S09,259,198,BRCA1,4.42
SP01735,S09,101,507,BRCA1,1.59
SP01736,S09,64,484,BRCA1,2.41
SP01737,S09,129,144,BRCA1,4.37
SP01738,S09,25,189,BRCA1,3.61
SP01739,S09,46,76,BRCA1,3.94
SP01740,S09,55,226,BRCA1,3.8
SP01741,S09,274,356,BRCA1,4.26
SP01742,S09,416,283,BRCA1,5.31
SP01743,S09,165,448,BRCA1,2.89
SP01744,S09,93,441,BRCA1,3.05
SP01745,S09,240,159,BRCA1,2.41
SP01746,S09,119,117,BRCA1,2.08
SP01747,S09,389,94,BRCA1,2.94
SP01748,S09,43,362,BRCA1,2.89
SP01749,S09,86,313,BRCA1,4.23
SP01750,S09,452,201,BRCA1,2.97
SP01751,S09,318,209,MYC,1.74
SP01752,S09,382,363,MYC,3.14
SP01753,S09,227,284,MYC,2.6
SP01754,S09,22,428,MYC,2.38
SP01755,S09,440,189,MYC,4.12
SP01756,S09,121,456,MYC,3.32
SP01757,S09,383,487,MYC,3.02
SP01758,S09,384,297,MYC,6.19
SP01759,S09,300,411,MYC,3.17
SP01760,S09,262,494,MYC,2.69
SP01761,S09,328,218,MYC,2.64
SP01762,S09,313,465,MYC,0.24
SP01763,S09,368,88,MYC,3.07
SP01764,S09,212,239,MYC,0.72
SP01765,S09,442,261,MYC,1.58
SP01766,S09,279,62,MYC,1.38
SP01767,S09,349,369,MYC,1.73
SP01768,S09,312,234,MYC,3.81
SP01769,S09,348,345,MYC,0.8
SP01770,S09,190,499,MYC,3.39
SP01771,S09,104,378,MYC,3.97
SP01772,S09,44,134,MYC,5.82
SP01773,S09,347,430,MYC,4.01
SP01774,S09,431,159,MYC,1.89
SP01775,S09,321,157,MYC,3.88
SP01776,S09,161,360,MYC,2.86
SP01777,S09,287,62,MYC,5.42
SP01778,S09,339,37,MYC,1.71
SP01779,S09,177,55,MYC,2.18
SP01780,S09,383,122,MYC,3.4
SP01781,S09,114,278,MYC,1.69
SP01782,S09,261,20,MYC,3.52
SP01783,S09,401,399,MYC,3.96
SP01784,S09,380,116,MYC,5.25
SP01785,S09,328,340,MYC,3.26
SP01786,S09,192,211,MYC,3.27
SP01787,S09,20,237,MYC,2.75
SP01788,S09,246,238,MYC,3.9
SP01789,S09,482,329,MYC,4.32
SP01790,S09,92,471,MYC,4.26
SP01791,S09,125,243,MYC,3.28
SP01792,S09,426,371,MYC,4.18
SP01793,S09,15,233,MYC,6.06
SP01794,S09,246,432,MYC,5.73
SP01795,S09,249,341,MYC,1.84
SP01796,S09,38,311,MYC,2.29
SP01797,S09,275,480,MYC,3.26
SP01798,S09,13,55,MYC,1.42
SP01799,S09,389,473,MYC,3.27
SP01800,S09,480,396,MYC,4.94
SP01801,S10,163,107,TP53,5.34
SP01802,S10,450,93,TP53,2.69
SP01803,S10,318,472,TP53,4.48
SP01804,S10,69,95,TP53,1.44
SP01805,S10,93,188,TP53,1.99
SP01806,S10,466,296,TP53,4.09
SP01807,S10,356,377,TP53,3.85
SP01808,S10,505,116,TP53,2.9
SP01809,S10,380,297,TP53,3.62
SP01810,S10,396,366,TP53,2.26
SP01811,S10,343,280,TP53,2.88
SP01812,S10,378,117,TP53,3.57
SP01813,S10,374,335,TP53,4.36
SP01814,S10,116,346,TP53,4.59
SP01815,S10,165,427,TP53,5.96
SP01816,S10,227,411,TP53,3.42
SP01817,S10,3,165,TP53,3.93
SP01818,S10,457,369,TP53,2.99
SP01819,S10,415,264,TP53,3.27
SP01820,S10,468,168,TP53,5.46
SP01821,S10,383,59,TP53,3.97
SP01822,S10,328,411,TP53,3.18
SP01823,S10,43,508,TP53,0.59
SP01824,S10,177,69,TP53,2.29
SP01825,S10,178,190,TP53,2.89
SP01826,S10,139,175,TP53,5.01
SP01827,S10,321,297,TP53,2.29
SP01828,S10,494,113,TP53,2.77
SP01829,S10,137,280,TP53,2.24
SP01830,S10,227,453,TP53,4.97
SP01831,S10,327,129,TP53,3.03
SP01832,S10,459,168,TP53,1.67
SP01833,S10,60,109,TP53,4.71
SP01834,S10,151,273,TP53,3.95
SP01835,S10,71,181,TP53,5.84
SP01836,S10,23,16,TP53,1.09
SP01837,S10,235,450,TP53,5.24
SP01838,S10,464,244,TP53,4.36
SP01839,S10,186,207,TP53,2.22
SP01840,S10,26,134,TP53,4.83
SP01841,S10,344,381,TP53,3.5
SP01842,S10,123,51,TP53,3.22
SP01843,S10,163,299,TP53,2.44
SP01844,S10,89,209,TP53,1.96
SP01845,S10,450,287,TP53,2.86
SP01846,S10,60,293,TP53,2.95
SP01847,S10,233,315,TP53,5.67
SP01848,S10,495,146,TP53,4.73
SP01849,S10,391,475,TP53,1.19
SP01850,S10,201,225,TP53,4.77
SP01851,S10,287,277,EGFR,2.91
SP01852,S10,253,136,EGFR,0.36
SP01853,S10,312,405,EGFR,3.6
SP01854,S10,450,377,EGFR,3.18
SP01855,S10,472,356,EGFR,2.68
SP01856,S10,365,410,EGFR,3.0
SP01857,S10,214,163,EGFR,1.69
SP01858,S10,415,160,EGFR,4.86
SP01859,S10,157,435,EGFR,4.38
SP01860,S10,214,202,EGFR,2.23
SP01861,S10,254,361,EGFR,0.29
SP01862,S10,270,282,EGFR,1.7
SP01863,S10,356,124,EGFR,1.65
SP01864,S10,222,323,EGFR,3.15
SP01865,S10,447,1,EGFR,3.83
SP01866,S10,141,128,EGFR,2.15
SP01867,S10,174,299,EGFR,2.71
SP01868,S10,445,478,EGFR,2.45
SP01869,S10,447,447,EGFR,3.24
SP01870,S10,421,176,EGFR,3.6
SP01871,S10,152,325,EGFR,3.51
SP01872,S10,397,284,EGFR,5.76
SP01873,S10,152,102,EGFR,3.75
SP01874,S10,194,165,EGFR,4.68
SP01875,S10,486,197,EGFR,1.46
SP01876,S10,101,17,EGFR,3.61
SP01877,S10,204,454,EGFR,5.32
SP01878,S10,104,445,EGFR,3.57
SP01879,S10,222,313,EGFR,1.72
SP01880,S10,176,355,EGFR,1.63
SP01881,S10,380,106,EGFR,2.49
SP01882,S10,161,314,EGFR,3.06
SP01883,S10,157,258,EGFR,0.84
SP01884,S10,103,61,EGFR,2.29
SP01885,S10,51,202,EGFR,3.01
SP01886,S10,258,88,EGFR,3.59
SP01887,S10,269,501,EGFR,3.01
SP01888,S10,472,228,EGFR,3.02
SP01889,S10,380,248,EGFR,3.54
SP01890,S10,116,228,EGFR,0.82
SP01891,S10,8,117,EGFR,2.68
SP01892,S10,502,23,EGFR,3.59
SP01893,S10,230,214,EGFR,2.28
SP01894,S10,397,421,EGFR,3.98
SP01895,S10,401,229,EGFR,2.79
SP01896,S10,451,447,EGFR,3.5
SP01897,S10,487,281,EGFR,3.62
SP01898,S10,417,216,EGFR,4.29
SP01899,S10,50,220,EGFR,1.22
SP01900,S10,250,121,EGFR,3.44
SP01901,S10,81,377,BRCA1,4.2
SP01902,S10,9,13,BRCA1,2.12
SP01903,S10,265,499,BRCA1,1.18
SP01904,S10,481,134,BRCA1,1.01
SP01905,S10,307,444,BRCA1,2.48
SP01906,S10,209,146,BRCA1,0.8
SP01907,S10,402,2,BRCA1,2.84
SP01908,S10,452,332,BRCA1,2.75
SP01909,S10,237,344,BRCA1,3.4
SP01910,S10,80,293,BRCA1,3.18
SP01911,S10,44,302,BRCA1,2.4
SP01912,S10,166,118,BRCA1,4.65
SP01913,S10,93,69,BRCA1,4.18
SP01914,S10,377,183,BRCA1,2.97
SP01915,S10,404,424,BRCA1,3.55
SP01916,S10,475,307,BRCA1,2.57
SP01917,S10,498,454,BRCA1,1.89
SP01918,S10,233,389,BRCA1,4.0
SP01919,S10,204,329,BRCA1,0.81
SP01920,S10,387,402,BRCA1,3.27
SP01921,S10,285,112,BRCA1,1.26
SP01922,S10,268,207,BRCA1,1.95
SP01923,S10,157,451,BRCA1,1.52
SP01924,S10,370,156,BRCA1,4.23
SP01925,S10,175,435,BRCA1,3.66
SP01926,S10,243,125,BRCA1,3.9
SP01927,S10,17,426,BRCA1,4.68
SP01928,S10,310,450,BRCA1,3.95
SP01929,S10,64,104,BRCA1,3.6
SP01930,S10,308,19,BRCA1,2.69
SP01931,S10,384,372,BRCA1,4.11
SP01932,S10,16,27,BRCA1,4.13
SP01933,S10,154,227,BRCA1,1.34
SP01934,S10,199,72,BRCA1,1.04
SP01935,S10,140,296,BRCA1,3.63
SP01936,S10,257,246,BRCA1,1.69
SP01937,S10,320,48,BRCA1,0.0
SP01938,S10,418,312,BRCA1,1.52
SP01939,S10,59,114,BRCA1,3.41
SP01940,S10,220,284,BRCA1,3.3
SP01941,S10,508,296,BRCA1,3.58
SP01942,S10,288,467,BRCA1,4.38
SP01943,S10,333,306,BRCA1,1.1
SP01944,S10,87,96,BRCA1,2.38
SP01945,S10,507,348,BRCA1,3.09
SP01946,S10,298,315,BRCA1,3.69
SP01947,S10,382,253,BRCA1,0.48
SP01948,S10,280,246,BRCA1,4.55
SP01949,S10,444,476,BRCA1,2.88
SP01950,S10,208,138,BRCA1,5.57
SP01951,S10,131,15,MYC,5.45
SP01952,S10,179,369,MYC,4.34
SP01953,S10,265,198,MYC,2.3
SP01954,S10,98,307,MYC,3.51
SP01955,S10,106,188,MYC,1.0
SP01956,S10,429,44,MYC,3.31
SP01957,S10,195,401,MYC,1.86
SP01958,S10,383,292,MYC,3.93
SP01959,S10,412,409,MYC,2.1
SP01960,S10,144,345,MYC,2.91
SP01961,S10,476,37,MYC,3.55
SP01962,S10,77,176,MYC,2.12
SP01963,S10,368,274,MYC,4.21
SP01964,S10,340,319,MYC,2.03
SP01965,S10,377,188,MYC,4.17
SP01966,S10,174,90,MYC,1.27
SP01967,S10,159,217,MYC,0.22
SP01968,S10,158,146,MYC,3.38
SP01969,S10,229,336,MYC,4.14
SP01970,S10,84,273,MYC,2.79
SP01971,S10,210,404,MYC,5.98
SP01972,S10,225,389,MYC,1.33
SP01973,S10,477,12,MYC,1.16
SP01974,S10,0,96,MYC,3.72
SP01975,S10,233,412,MYC,2.99
SP01976,S10,101,473,MYC,3.31
SP01977,S10,429,92,MYC,3.03
SP01978,S10,59,381,MYC,4.15
SP01979,S10,32,127,MYC,3.17
SP01980,S10,496,149,MYC,1.14
SP01981,S10,408,158,MYC,4.23
SP01982,S10,354,408,MYC,2.04
SP01983,S10,164,195,MYC,6.39
SP01984,S10,343,444,MYC,5.15
SP01985,S10,198,296,MYC,1.86
SP01986,S10,512,380,MYC,2.49
SP01987,S10,104,39,MYC,1.9
SP01988,S10,266,280,MYC,4.9
SP01989,S10,440,456,MYC,1.51
SP01990,S10,325,112,MYC,3.49
SP01991,S10,179,116,MYC,3.02
SP01992,S10,130,214,MYC,5.12
SP01993,S10,138,214,MYC,1.74
SP01994,S10,341,456,MYC,3.06
SP01995,S10,493,47,MYC,2.42
SP01996,S10,59,178,MYC,2.36
SP01997,S10,456,77,MYC,3.32
SP01998,S10,492,421,MYC,3.14
SP01999,S10,88,423,MYC,3.09
SP02000,S10,51,420,MYC,3.76
